Harry Bawles,hairybawles@gmail.com, 1234 one street, 123-1234-123
Jenny Opera, Operajen@gmail.com, 2345 two street, 234-2345-234
Chris RunescapeHacker, Chris@RsHaxLEET.COM, 3456 three street, 345-3456-345
Max Loins, loinsonfire@max.com, 1234 four street, 456-4567-456
Jeremy Mathius, mathiscool@gmail.com, 1234 five street, 
567-5678-567
DJ Khaled, wethebest@wethebest.com, 1111 another one street,
111-1111-111
Qidi Zhang, cutieqidi@1234.com, 1234 banff springs street,
143-4000-544
MaxLyons, wethebestdawg@wethebest.com, 1112 another one street,
111-1111-112